type,datasheets,image,corporatePartNumber,manufacturerPartNumber,manufacturer,description,unitPrice,packaging,series,capacitance,tolerance,voltageRating,lifetimeTemp,operatingTemperature,capacitorType,applications,ripple current,impedance,sizeDimension,heightSeated,surfaceMountLandSize,mountingType,packageCase
Capacitor,http://industrial.panasonic.com/www-cgi/jvcr13pz.cgi?E+PZ+3+ABA0012+ECA1HM100I+7+WW,http://media.digikey.com/Photos/Panasonic%20Photos/ECA-1HM100I.JPG,P10425TB-ND,ECA-1HM100I,Panasonic Electronic Components,CAP ALUM 10UF 20% 50V RADIAL,0.03938,Tape & Box (TB),M,10µF,±20%,50V,2000 Hrs @ 85°C,-40°C ~ 85°C,-,General Purpose,65mA,-,"0.197"" Dia (5.00mm)","0.472"" (12.00mm)",-,Through Hole,"Radial, Can"
Capacitor,http://industrial.panasonic.com/www-data/pdf/ABA0000/ABA0000CE2.pdf,"http://media.digikey.com/photos/Panasonic%20Photos/VS%20SERIES%206.50H,4.0D,HA%20SERIES%205.5H,4.0D.jpg",PCE3878TR-ND,EEE-1CA100SR,Panasonic Electronic Components,CAP ALUM 10UF 20% 16V SMD,0.0628,Tape & Reel (TR),S,10µF,±20%,16V,2000 Hrs @ 85°C,-40°C ~ 85°C,-,Automotive,28mA,-,"0.157"" Dia (4.00mm)","0.213"" (5.40mm)","0.169"" L x 0.169"" W (4.30mm x 4.30mm)",Surface Mount,"Radial, Can - SMD"
Capacitor,http://industrial.panasonic.com/www-data/pdf/ABA0000/ABA0000CE2.pdf,"http://media.digikey.com/photos/Panasonic%20Photos/VS%20SERIES%206.50H,4.0D,HA%20SERIES%205.5H,4.0D.jpg",PCE3878CT-ND,EEE-1CA100SR,Panasonic Electronic Components,CAP ALUM 10UF 20% 16V SMD,0.44,Cut Tape (CT),S,10µF,±20%,16V,2000 Hrs @ 85°C,-40°C ~ 85°C,-,Automotive,28mA,-,"0.157"" Dia (4.00mm)","0.213"" (5.40mm)","0.169"" L x 0.169"" W (4.30mm x 4.30mm)",Surface Mount,"Radial, Can - SMD"
Capacitor,http://industrial.panasonic.com/www-data/pdf/ABA0000/ABA0000CE2.pdf,"http://media.digikey.com/photos/Panasonic%20Photos/VS%20SERIES%206.50H,4.0D,HA%20SERIES%205.5H,4.0D.jpg",PCE3878DKR-ND,EEE-1CA100SR,Panasonic Electronic Components,CAP ALUM 10UF 20% 16V SMD,Calculate,Digi-Reel®,S,10µF,±20%,16V,2000 Hrs @ 85°C,-40°C ~ 85°C,-,Automotive,28mA,-,"0.157"" Dia (4.00mm)","0.213"" (5.40mm)","0.169"" L x 0.169"" W (4.30mm x 4.30mm)",Surface Mount,"Radial, Can - SMD"
Capacitor,http://industrial.panasonic.com/www-data/pdf/ABA0000/ABA0000CE2.pdf,"http://media.digikey.com/photos/Panasonic%20Photos/VS%20SERIES%206.50H,4.0D,HA%20SERIES%205.5H,4.0D.jpg",PCE3882TR-ND,EEE-1CA220WR,Panasonic Electronic Components,CAP ALUM 22UF 20% 16V SMD,0.0694,Tape & Reel (TR),S,22µF,±20%,16V,1000 Hrs @ 85°C,-40°C ~ 85°C,-,Automotive,28mA,-,"0.157"" Dia (4.00mm)","0.213"" (5.40mm)","0.169"" L x 0.169"" W (4.30mm x 4.30mm)",Surface Mount,"Radial, Can - SMD"
Capacitor,http://industrial.panasonic.com/www-data/pdf/ABA0000/ABA0000CE2.pdf,"http://media.digikey.com/photos/Panasonic%20Photos/VS%20SERIES%206.50H,4.0D,HA%20SERIES%205.5H,4.0D.jpg",PCE3882CT-ND,EEE-1CA220WR,Panasonic Electronic Components,CAP ALUM 22UF 20% 16V SMD,0.49,Cut Tape (CT),S,22µF,±20%,16V,1000 Hrs @ 85°C,-40°C ~ 85°C,-,Automotive,28mA,-,"0.157"" Dia (4.00mm)","0.213"" (5.40mm)","0.169"" L x 0.169"" W (4.30mm x 4.30mm)",Surface Mount,"Radial, Can - SMD"
Capacitor,http://industrial.panasonic.com/www-data/pdf/ABA0000/ABA0000CE2.pdf,"http://media.digikey.com/photos/Panasonic%20Photos/VS%20SERIES%206.50H,4.0D,HA%20SERIES%205.5H,4.0D.jpg",PCE3882DKR-ND,EEE-1CA220WR,Panasonic Electronic Components,CAP ALUM 22UF 20% 16V SMD,Calculate,Digi-Reel®,S,22µF,±20%,16V,1000 Hrs @ 85°C,-40°C ~ 85°C,-,Automotive,28mA,-,"0.157"" Dia (4.00mm)","0.213"" (5.40mm)","0.169"" L x 0.169"" W (4.30mm x 4.30mm)",Surface Mount,"Radial, Can - SMD"
Capacitor,http://industrial.panasonic.com/www-data/pdf/ABA0000/ABA0000CE2.pdf,"http://media.digikey.com/photos/Panasonic%20Photos/VS%20SERIES%206.50H,4.0D,HA%20SERIES%205.5H,4.0D.jpg",PCE3948TR-ND,EEE-1VA100WR,Panasonic Electronic Components,CAP ALUM 10UF 20% 35V SMD,0.0694,Tape & Reel (TR),S,10µF,±20%,35V,1000 Hrs @ 85°C,-40°C ~ 85°C,-,Automotive,22mA,-,"0.157"" Dia (4.00mm)","0.213"" (5.40mm)","0.169"" L x 0.169"" W (4.30mm x 4.30mm)",Surface Mount,"Radial, Can - SMD"
Capacitor,http://industrial.panasonic.com/www-data/pdf/ABA0000/ABA0000CE2.pdf,"http://media.digikey.com/photos/Panasonic%20Photos/VS%20SERIES%206.50H,4.0D,HA%20SERIES%205.5H,4.0D.jpg",PCE3948CT-ND,EEE-1VA100WR,Panasonic Electronic Components,CAP ALUM 10UF 20% 35V SMD,0.49,Cut Tape (CT),S,10µF,±20%,35V,1000 Hrs @ 85°C,-40°C ~ 85°C,-,Automotive,22mA,-,"0.157"" Dia (4.00mm)","0.213"" (5.40mm)","0.169"" L x 0.169"" W (4.30mm x 4.30mm)",Surface Mount,"Radial, Can - SMD"
Capacitor,http://industrial.panasonic.com/www-data/pdf/ABA0000/ABA0000CE2.pdf,"http://media.digikey.com/photos/Panasonic%20Photos/VS%20SERIES%206.50H,4.0D,HA%20SERIES%205.5H,4.0D.jpg",PCE3948DKR-ND,EEE-1VA100WR,Panasonic Electronic Components,CAP ALUM 10UF 20% 35V SMD,Calculate,Digi-Reel®,S,10µF,±20%,35V,1000 Hrs @ 85°C,-40°C ~ 85°C,-,Automotive,22mA,-,"0.157"" Dia (4.00mm)","0.213"" (5.40mm)","0.169"" L x 0.169"" W (4.30mm x 4.30mm)",Surface Mount,"Radial, Can - SMD"
Capacitor,http://industrial.panasonic.com/www-data/pdf/ABA0000/ABA0000CE2.pdf,"http://media.digikey.com/photos/Panasonic%20Photos/VS%20SERIES%206.50H,4.0D,HA%20SERIES%205.5H,4.0D.jpg",PCE3863TR-ND,EEE-0JA470WR,Panasonic Electronic Components,CAP ALUM 47UF 20% 6.3V SMD,0.0694,Tape & Reel (TR),S,47µF,±20%,6.3V,1000 Hrs @ 85°C,-40°C ~ 85°C,-,Automotive,36mA,-,"0.157"" Dia (4.00mm)","0.213"" (5.40mm)","0.169"" L x 0.169"" W (4.30mm x 4.30mm)",Surface Mount,"Radial, Can - SMD"
Capacitor,http://industrial.panasonic.com/www-data/pdf/ABA0000/ABA0000CE2.pdf,"http://media.digikey.com/photos/Panasonic%20Photos/VS%20SERIES%206.50H,4.0D,HA%20SERIES%205.5H,4.0D.jpg",PCE3863CT-ND,EEE-0JA470WR,Panasonic Electronic Components,CAP ALUM 47UF 20% 6.3V SMD,0.5,Cut Tape (CT),S,47µF,±20%,6.3V,1000 Hrs @ 85°C,-40°C ~ 85°C,-,Automotive,36mA,-,"0.157"" Dia (4.00mm)","0.213"" (5.40mm)","0.169"" L x 0.169"" W (4.30mm x 4.30mm)",Surface Mount,"Radial, Can - SMD"
Capacitor,http://industrial.panasonic.com/www-data/pdf/ABA0000/ABA0000CE2.pdf,"http://media.digikey.com/photos/Panasonic%20Photos/VS%20SERIES%206.50H,4.0D,HA%20SERIES%205.5H,4.0D.jpg",PCE3863DKR-ND,EEE-0JA470WR,Panasonic Electronic Components,CAP ALUM 47UF 20% 6.3V SMD,Calculate,Digi-Reel®,S,47µF,±20%,6.3V,1000 Hrs @ 85°C,-40°C ~ 85°C,-,Automotive,36mA,-,"0.157"" Dia (4.00mm)","0.213"" (5.40mm)","0.169"" L x 0.169"" W (4.30mm x 4.30mm)",Surface Mount,"Radial, Can - SMD"
Capacitor,http://industrial.panasonic.com/www-data/pdf/ABA0000/ABA0000CE2.pdf,"http://media.digikey.com/photos/Panasonic%20Photos/VS%20SERIES%206.50H,4.0D,HA%20SERIES%205.5H,4.0D.jpg",PCE3895TR-ND,EEE-1EA100WR,Panasonic Electronic Components,CAP ALUM 10UF 20% 25V SMD,0.0694,Tape & Reel (TR),S,10µF,±20%,25V,1000 Hrs @ 85°C,-40°C ~ 85°C,-,Automotive,22mA,-,"0.157"" Dia (4.00mm)","0.213"" (5.40mm)","0.169"" L x 0.169"" W (4.30mm x 4.30mm)",Surface Mount,"Radial, Can - SMD"
Capacitor,http://industrial.panasonic.com/www-data/pdf/ABA0000/ABA0000CE2.pdf,"http://media.digikey.com/photos/Panasonic%20Photos/VS%20SERIES%206.50H,4.0D,HA%20SERIES%205.5H,4.0D.jpg",PCE3895CT-ND,EEE-1EA100WR,Panasonic Electronic Components,CAP ALUM 10UF 20% 25V SMD,0.49,Cut Tape (CT),S,10µF,±20%,25V,1000 Hrs @ 85°C,-40°C ~ 85°C,-,Automotive,22mA,-,"0.157"" Dia (4.00mm)","0.213"" (5.40mm)","0.169"" L x 0.169"" W (4.30mm x 4.30mm)",Surface Mount,"Radial, Can - SMD"
Capacitor,http://industrial.panasonic.com/www-data/pdf/ABA0000/ABA0000CE2.pdf,"http://media.digikey.com/photos/Panasonic%20Photos/VS%20SERIES%206.50H,4.0D,HA%20SERIES%205.5H,4.0D.jpg",PCE3895DKR-ND,EEE-1EA100WR,Panasonic Electronic Components,CAP ALUM 10UF 20% 25V SMD,Calculate,Digi-Reel®,S,10µF,±20%,25V,1000 Hrs @ 85°C,-40°C ~ 85°C,-,Automotive,22mA,-,"0.157"" Dia (4.00mm)","0.213"" (5.40mm)","0.169"" L x 0.169"" W (4.30mm x 4.30mm)",Surface Mount,"Radial, Can - SMD"
Capacitor,http://industrial.panasonic.com/www-data/pdf/ABA0000/ABA0000CE4.pdf,"http://media.digikey.com/photos/Panasonic%20Photos/HB%20SERIES%205.9H,4.0D.jpg",PCE4137TR-ND,EEE-HB1C100R,Panasonic Electronic Components,CAP ALUM 10UF 20% 16V SMD,0.075,Tape & Reel (TR),HB,10µF,±20%,16V,2000 Hrs @ 105°C,-40°C ~ 105°C,-,General Purpose,28mA,-,"0.157"" Dia (4.00mm)","0.228"" (5.80mm)","0.169"" L x 0.169"" W (4.30mm x 4.30mm)",Surface Mount,"Radial, Can - SMD"
Capacitor,http://industrial.panasonic.com/www-data/pdf/ABA0000/ABA0000CE4.pdf,"http://media.digikey.com/photos/Panasonic%20Photos/HB%20SERIES%205.9H,4.0D.jpg",PCE4137CT-ND,EEE-HB1C100R,Panasonic Electronic Components,CAP ALUM 10UF 20% 16V SMD,0.53,Cut Tape (CT),HB,10µF,±20%,16V,2000 Hrs @ 105°C,-40°C ~ 105°C,-,General Purpose,28mA,-,"0.157"" Dia (4.00mm)","0.228"" (5.80mm)","0.169"" L x 0.169"" W (4.30mm x 4.30mm)",Surface Mount,"Radial, Can - SMD"
Capacitor,http://industrial.panasonic.com/www-data/pdf/ABA0000/ABA0000CE4.pdf,"http://media.digikey.com/photos/Panasonic%20Photos/HB%20SERIES%205.9H,4.0D.jpg",PCE4137DKR-ND,EEE-HB1C100R,Panasonic Electronic Components,CAP ALUM 10UF 20% 16V SMD,Calculate,Digi-Reel®,HB,10µF,±20%,16V,2000 Hrs @ 105°C,-40°C ~ 105°C,-,General Purpose,28mA,-,"0.157"" Dia (4.00mm)","0.228"" (5.80mm)","0.169"" L x 0.169"" W (4.30mm x 4.30mm)",Surface Mount,"Radial, Can - SMD"
Capacitor,http://industrial.panasonic.com/www-data/pdf/ABA0000/ABA0000CE2.pdf,"http://media.digikey.com/photos/Panasonic%20Photos/VS%20SERIES%206.5H,5.0D,HA%20SERIES%205.5H,5.0D.jpg",PCE3890TR-ND,EEE-1CA470WR,Panasonic Electronic Components,CAP ALUM 47UF 20% 16V SMD,0.07733,Tape & Reel (TR),S,47µF,±20%,16V,1000 Hrs @ 85°C,-40°C ~ 85°C,-,Automotive,39mA,-,"0.197"" Dia (5.00mm)","0.213"" (5.40mm)","0.209"" L x 0.209"" W (5.30mm x 5.30mm)",Surface Mount,"Radial, Can - SMD"
Capacitor,http://industrial.panasonic.com/www-data/pdf/ABA0000/ABA0000CE2.pdf,"http://media.digikey.com/photos/Panasonic%20Photos/VS%20SERIES%206.5H,5.0D,HA%20SERIES%205.5H,5.0D.jpg",PCE3890CT-ND,EEE-1CA470WR,Panasonic Electronic Components,CAP ALUM 47UF 20% 16V SMD,0.43,Cut Tape (CT),S,47µF,±20%,16V,1000 Hrs @ 85°C,-40°C ~ 85°C,-,Automotive,39mA,-,"0.197"" Dia (5.00mm)","0.213"" (5.40mm)","0.209"" L x 0.209"" W (5.30mm x 5.30mm)",Surface Mount,"Radial, Can - SMD"
Capacitor,http://industrial.panasonic.com/www-data/pdf/ABA0000/ABA0000CE2.pdf,"http://media.digikey.com/photos/Panasonic%20Photos/VS%20SERIES%206.5H,5.0D,HA%20SERIES%205.5H,5.0D.jpg",PCE3890DKR-ND,EEE-1CA470WR,Panasonic Electronic Components,CAP ALUM 47UF 20% 16V SMD,Calculate,Digi-Reel®,S,47µF,±20%,16V,1000 Hrs @ 85°C,-40°C ~ 85°C,-,Automotive,39mA,-,"0.197"" Dia (5.00mm)","0.213"" (5.40mm)","0.209"" L x 0.209"" W (5.30mm x 5.30mm)",Surface Mount,"Radial, Can - SMD"
Capacitor,http://industrial.panasonic.com/www-data/pdf/ABA0000/ABA0000CE2.pdf,"http://media.digikey.com/photos/Panasonic%20Photos/VS%20SERIES%205.5H,5.0D,HA%20SERIES%205.5H,5.0D.jpg",PCE3853TR-ND,EEE-0JA101WR,Panasonic Electronic Components,CAP ALUM 100UF 20% 6.3V SMD,0.07733,Tape & Reel (TR),S,100µF,±20%,6.3V,1000 Hrs @ 85°C,-40°C ~ 85°C,-,Automotive,47mA,-,"0.197"" Dia (5.00mm)","0.213"" (5.40mm)","0.209"" L x 0.209"" W (5.30mm x 5.30mm)",Surface Mount,"Radial, Can - SMD"
Capacitor,http://industrial.panasonic.com/www-data/pdf/ABA0000/ABA0000CE2.pdf,"http://media.digikey.com/photos/Panasonic%20Photos/VS%20SERIES%205.5H,5.0D,HA%20SERIES%205.5H,5.0D.jpg",PCE3853CT-ND,EEE-0JA101WR,Panasonic Electronic Components,CAP ALUM 100UF 20% 6.3V SMD,0.43,Cut Tape (CT),S,100µF,±20%,6.3V,1000 Hrs @ 85°C,-40°C ~ 85°C,-,Automotive,47mA,-,"0.197"" Dia (5.00mm)","0.213"" (5.40mm)","0.209"" L x 0.209"" W (5.30mm x 5.30mm)",Surface Mount,"Radial, Can - SMD"
Capacitor,http://industrial.panasonic.com/www-data/pdf/ABA0000/ABA0000CE2.pdf,"http://media.digikey.com/photos/Panasonic%20Photos/VS%20SERIES%205.5H,5.0D,HA%20SERIES%205.5H,5.0D.jpg",PCE3853DKR-ND,EEE-0JA101WR,Panasonic Electronic Components,CAP ALUM 100UF 20% 6.3V SMD,Calculate,Digi-Reel®,S,100µF,±20%,6.3V,1000 Hrs @ 85°C,-40°C ~ 85°C,-,Automotive,47mA,-,"0.197"" Dia (5.00mm)","0.213"" (5.40mm)","0.209"" L x 0.209"" W (5.30mm x 5.30mm)",Surface Mount,"Radial, Can - SMD"
Capacitor,http://industrial.panasonic.com/www-data/pdf/ABA0000/ABA0000CE2.pdf,"http://media.digikey.com/photos/Panasonic%20Photos/VS%20SERIES%206.5H,5.0D,HA%20SERIES%205.5H,5.0D.jpg",PCE3867TR-ND,EEE-1AA101WR,Panasonic Electronic Components,CAP ALUM 100UF 20% 10V SMD,0.07733,Tape & Reel (TR),S,100µF,±20%,10V,1000 Hrs @ 85°C,-40°C ~ 85°C,-,Automotive,50mA,-,"0.197"" Dia (5.00mm)","0.213"" (5.40mm)","0.209"" L x 0.209"" W (5.30mm x 5.30mm)",Surface Mount,"Radial, Can - SMD"
Capacitor,http://industrial.panasonic.com/www-data/pdf/ABA0000/ABA0000CE2.pdf,"http://media.digikey.com/photos/Panasonic%20Photos/VS%20SERIES%206.5H,5.0D,HA%20SERIES%205.5H,5.0D.jpg",PCE3867CT-ND,EEE-1AA101WR,Panasonic Electronic Components,CAP ALUM 100UF 20% 10V SMD,0.44,Cut Tape (CT),S,100µF,±20%,10V,1000 Hrs @ 85°C,-40°C ~ 85°C,-,Automotive,50mA,-,"0.197"" Dia (5.00mm)","0.213"" (5.40mm)","0.209"" L x 0.209"" W (5.30mm x 5.30mm)",Surface Mount,"Radial, Can - SMD"
Capacitor,http://industrial.panasonic.com/www-data/pdf/ABA0000/ABA0000CE2.pdf,"http://media.digikey.com/photos/Panasonic%20Photos/VS%20SERIES%206.5H,5.0D,HA%20SERIES%205.5H,5.0D.jpg",PCE3867DKR-ND,EEE-1AA101WR,Panasonic Electronic Components,CAP ALUM 100UF 20% 10V SMD,Calculate,Digi-Reel®,S,100µF,±20%,10V,1000 Hrs @ 85°C,-40°C ~ 85°C,-,Automotive,50mA,-,"0.197"" Dia (5.00mm)","0.213"" (5.40mm)","0.209"" L x 0.209"" W (5.30mm x 5.30mm)",Surface Mount,"Radial, Can - SMD"
Capacitor,http://industrial.panasonic.com/www-data/pdf/ABA0000/ABA0000CE2.pdf,"http://media.digikey.com/photos/Panasonic%20Photos/VS%20SERIES%206.5H,5.0D,HA%20SERIES%205.5H,5.0D.jpg",PCE3904TR-ND,EEE-1EA330WR,Panasonic Electronic Components,CAP ALUM 33UF 20% 25V SMD,0.07733,Tape & Reel (TR),S,33µF,±20%,25V,1000 Hrs @ 85°C,-40°C ~ 85°C,-,Automotive,42mA,-,"0.197"" Dia (5.00mm)","0.213"" (5.40mm)","0.209"" L x 0.209"" W (5.30mm x 5.30mm)",Surface Mount,"Radial, Can - SMD"
Capacitor,http://industrial.panasonic.com/www-data/pdf/ABA0000/ABA0000CE2.pdf,"http://media.digikey.com/photos/Panasonic%20Photos/VS%20SERIES%206.5H,5.0D,HA%20SERIES%205.5H,5.0D.jpg",PCE3904CT-ND,EEE-1EA330WR,Panasonic Electronic Components,CAP ALUM 33UF 20% 25V SMD,0.44,Cut Tape (CT),S,33µF,±20%,25V,1000 Hrs @ 85°C,-40°C ~ 85°C,-,Automotive,42mA,-,"0.197"" Dia (5.00mm)","0.213"" (5.40mm)","0.209"" L x 0.209"" W (5.30mm x 5.30mm)",Surface Mount,"Radial, Can - SMD"
Capacitor,http://industrial.panasonic.com/www-data/pdf/ABA0000/ABA0000CE2.pdf,"http://media.digikey.com/photos/Panasonic%20Photos/VS%20SERIES%206.5H,5.0D,HA%20SERIES%205.5H,5.0D.jpg",PCE3904DKR-ND,EEE-1EA330WR,Panasonic Electronic Components,CAP ALUM 33UF 20% 25V SMD,Calculate,Digi-Reel®,S,33µF,±20%,25V,1000 Hrs @ 85°C,-40°C ~ 85°C,-,Automotive,42mA,-,"0.197"" Dia (5.00mm)","0.213"" (5.40mm)","0.209"" L x 0.209"" W (5.30mm x 5.30mm)",Surface Mount,"Radial, Can - SMD"
Capacitor,http://industrial.panasonic.com/www-cgi/jvcr13pz.cgi?E+PZ+3+ABA0005+EEEFC1C100R+7+WW,"http://media.digikey.com/photos/Panasonic%20Photos/FC%20SERIES%205.5H,4.0D.jpg",PCE3995TR-ND,EEE-FC1C100R,Panasonic Electronic Components,CAP ALUM 10UF 20% 16V SMD,0.07866,Tape & Reel (TR),FC,10µF,±20%,16V,1000 Hrs @ 105°C,-40°C ~ 105°C,-,AEC-Q200,45mA,3 Ohm,"0.157"" Dia (4.00mm)","0.213"" (5.40mm)","0.169"" L x 0.169"" W (4.30mm x 4.30mm)",Surface Mount,"Radial, Can - SMD"
Capacitor,http://industrial.panasonic.com/www-cgi/jvcr13pz.cgi?E+PZ+3+ABA0005+EEEFC1C100R+7+WW,"http://media.digikey.com/photos/Panasonic%20Photos/FC%20SERIES%205.5H,4.0D.jpg",PCE3995CT-ND,EEE-FC1C100R,Panasonic Electronic Components,CAP ALUM 10UF 20% 16V SMD,0.47,Cut Tape (CT),FC,10µF,±20%,16V,1000 Hrs @ 105°C,-40°C ~ 105°C,-,AEC-Q200,45mA,3 Ohm,"0.157"" Dia (4.00mm)","0.213"" (5.40mm)","0.169"" L x 0.169"" W (4.30mm x 4.30mm)",Surface Mount,"Radial, Can - SMD"
Capacitor,http://industrial.panasonic.com/www-cgi/jvcr13pz.cgi?E+PZ+3+ABA0005+EEEFC1C100R+7+WW,"http://media.digikey.com/photos/Panasonic%20Photos/FC%20SERIES%205.5H,4.0D.jpg",PCE3995DKR-ND,EEE-FC1C100R,Panasonic Electronic Components,CAP ALUM 10UF 20% 16V SMD,Calculate,Digi-Reel®,FC,10µF,±20%,16V,1000 Hrs @ 105°C,-40°C ~ 105°C,-,AEC-Q200,45mA,3 Ohm,"0.157"" Dia (4.00mm)","0.213"" (5.40mm)","0.169"" L x 0.169"" W (4.30mm x 4.30mm)",Surface Mount,"Radial, Can - SMD"
Capacitor,http://industrial.panasonic.com/www-cgi/jvcr13pz.cgi?E+PZ+3+ABA0005+EEEFC1H1R0R+7+WW,"http://media.digikey.com/photos/Panasonic%20Photos/FC%20SERIES%205.5H,4.0D.jpg",PCE4014TR-ND,EEE-FC1H1R0R,Panasonic Electronic Components,CAP ALUM 1UF 20% 50V SMD,0.07866,Tape & Reel (TR),FC,1µF,±20%,50V,1000 Hrs @ 105°C,-40°C ~ 105°C,-,AEC-Q200,22.5mA,5 Ohm,"0.157"" Dia (4.00mm)","0.213"" (5.40mm)","0.169"" L x 0.169"" W (4.30mm x 4.30mm)",Surface Mount,"Radial, Can - SMD"
Capacitor,http://industrial.panasonic.com/www-cgi/jvcr13pz.cgi?E+PZ+3+ABA0005+EEEFC1H1R0R+7+WW,"http://media.digikey.com/photos/Panasonic%20Photos/FC%20SERIES%205.5H,4.0D.jpg",PCE4014CT-ND,EEE-FC1H1R0R,Panasonic Electronic Components,CAP ALUM 1UF 20% 50V SMD,0.47,Cut Tape (CT),FC,1µF,±20%,50V,1000 Hrs @ 105°C,-40°C ~ 105°C,-,AEC-Q200,22.5mA,5 Ohm,"0.157"" Dia (4.00mm)","0.213"" (5.40mm)","0.169"" L x 0.169"" W (4.30mm x 4.30mm)",Surface Mount,"Radial, Can - SMD"
Capacitor,http://industrial.panasonic.com/www-cgi/jvcr13pz.cgi?E+PZ+3+ABA0005+EEEFC1H1R0R+7+WW,"http://media.digikey.com/photos/Panasonic%20Photos/FC%20SERIES%205.5H,4.0D.jpg",PCE4014DKR-ND,EEE-FC1H1R0R,Panasonic Electronic Components,CAP ALUM 1UF 20% 50V SMD,Calculate,Digi-Reel®,FC,1µF,±20%,50V,1000 Hrs @ 105°C,-40°C ~ 105°C,-,AEC-Q200,22.5mA,5 Ohm,"0.157"" Dia (4.00mm)","0.213"" (5.40mm)","0.169"" L x 0.169"" W (4.30mm x 4.30mm)",Surface Mount,"Radial, Can - SMD"
Capacitor,http://industrial.panasonic.com/www-cgi/jvcr13pz.cgi?E+PZ+3+ABA0005+EEEFC1V1R0R+7+WW,"http://media.digikey.com/photos/Panasonic%20Photos/FC%20SERIES%205.5H,4.0D.jpg",PCE4024TR-ND,EEE-FC1V1R0R,Panasonic Electronic Components,CAP ALUM 1UF 20% 35V SMD,0.07866,Tape & Reel (TR),FC,1µF,±20%,35V,1000 Hrs @ 105°C,-40°C ~ 105°C,-,AEC-Q200,45mA,3 Ohm,"0.157"" Dia (4.00mm)","0.213"" (5.40mm)","0.169"" L x 0.169"" W (4.30mm x 4.30mm)",Surface Mount,"Radial, Can - SMD"
Capacitor,http://industrial.panasonic.com/www-cgi/jvcr13pz.cgi?E+PZ+3+ABA0005+EEEFC1V1R0R+7+WW,"http://media.digikey.com/photos/Panasonic%20Photos/FC%20SERIES%205.5H,4.0D.jpg",PCE4024CT-ND,EEE-FC1V1R0R,Panasonic Electronic Components,CAP ALUM 1UF 20% 35V SMD,0.46,Cut Tape (CT),FC,1µF,±20%,35V,1000 Hrs @ 105°C,-40°C ~ 105°C,-,AEC-Q200,45mA,3 Ohm,"0.157"" Dia (4.00mm)","0.213"" (5.40mm)","0.169"" L x 0.169"" W (4.30mm x 4.30mm)",Surface Mount,"Radial, Can - SMD"
Capacitor,http://industrial.panasonic.com/www-cgi/jvcr13pz.cgi?E+PZ+3+ABA0005+EEEFC1V1R0R+7+WW,"http://media.digikey.com/photos/Panasonic%20Photos/FC%20SERIES%205.5H,4.0D.jpg",PCE4024DKR-ND,EEE-FC1V1R0R,Panasonic Electronic Components,CAP ALUM 1UF 20% 35V SMD,Calculate,Digi-Reel®,FC,1µF,±20%,35V,1000 Hrs @ 105°C,-40°C ~ 105°C,-,AEC-Q200,45mA,3 Ohm,"0.157"" Dia (4.00mm)","0.213"" (5.40mm)","0.169"" L x 0.169"" W (4.30mm x 4.30mm)",Surface Mount,"Radial, Can - SMD"
Capacitor,http://industrial.panasonic.com/www-data/pdf/ABA0000/ABA0000CE2.pdf,"http://media.digikey.com/photos/Panasonic%20Photos/VS%20SERIES%206.5H,5.0D,HA%20SERIES%205.5H,5.0D.jpg",PCE3894TR-ND,EEE-1EA100SR,Panasonic Electronic Components,CAP ALUM 10UF 20% 25V SMD,0.07875,Tape & Reel (TR),S,10µF,±20%,25V,2000 Hrs @ 85°C,-40°C ~ 85°C,-,Automotive,28mA,-,"0.197"" Dia (5.00mm)","0.213"" (5.40mm)","0.209"" L x 0.209"" W (5.30mm x 5.30mm)",Surface Mount,"Radial, Can - SMD"
Capacitor,http://industrial.panasonic.com/www-data/pdf/ABA0000/ABA0000CE2.pdf,"http://media.digikey.com/photos/Panasonic%20Photos/VS%20SERIES%206.5H,5.0D,HA%20SERIES%205.5H,5.0D.jpg",PCE3894CT-ND,EEE-1EA100SR,Panasonic Electronic Components,CAP ALUM 10UF 20% 25V SMD,0.54,Cut Tape (CT),S,10µF,±20%,25V,2000 Hrs @ 85°C,-40°C ~ 85°C,-,Automotive,28mA,-,"0.197"" Dia (5.00mm)","0.213"" (5.40mm)","0.209"" L x 0.209"" W (5.30mm x 5.30mm)",Surface Mount,"Radial, Can - SMD"
Capacitor,http://industrial.panasonic.com/www-data/pdf/ABA0000/ABA0000CE2.pdf,"http://media.digikey.com/photos/Panasonic%20Photos/VS%20SERIES%206.5H,5.0D,HA%20SERIES%205.5H,5.0D.jpg",PCE3894DKR-ND,EEE-1EA100SR,Panasonic Electronic Components,CAP ALUM 10UF 20% 25V SMD,Calculate,Digi-Reel®,S,10µF,±20%,25V,2000 Hrs @ 85°C,-40°C ~ 85°C,-,Automotive,28mA,-,"0.197"" Dia (5.00mm)","0.213"" (5.40mm)","0.209"" L x 0.209"" W (5.30mm x 5.30mm)",Surface Mount,"Radial, Can - SMD"
Capacitor,http://industrial.panasonic.com/www-data/pdf/ABA0000/ABA0000CE2.pdf,"http://media.digikey.com/photos/Panasonic%20Photos/VS%20SERIES%206.5H,5.0D,HA%20SERIES%205.5H,5.0D.jpg",PCE3947TR-ND,EEE-1VA100SR,Panasonic Electronic Components,CAP ALUM 10UF 20% 35V SMD,0.07875,Tape & Reel (TR),S,10µF,±20%,35V,2000 Hrs @ 85°C,-40°C ~ 85°C,-,Automotive,30mA,-,"0.197"" Dia (5.00mm)","0.213"" (5.40mm)","0.209"" L x 0.209"" W (5.30mm x 5.30mm)",Surface Mount,"Radial, Can - SMD"
Capacitor,http://industrial.panasonic.com/www-data/pdf/ABA0000/ABA0000CE2.pdf,"http://media.digikey.com/photos/Panasonic%20Photos/VS%20SERIES%206.5H,5.0D,HA%20SERIES%205.5H,5.0D.jpg",PCE3947CT-ND,EEE-1VA100SR,Panasonic Electronic Components,CAP ALUM 10UF 20% 35V SMD,0.54,Cut Tape (CT),S,10µF,±20%,35V,2000 Hrs @ 85°C,-40°C ~ 85°C,-,Automotive,30mA,-,"0.197"" Dia (5.00mm)","0.213"" (5.40mm)","0.209"" L x 0.209"" W (5.30mm x 5.30mm)",Surface Mount,"Radial, Can - SMD"
Capacitor,http://industrial.panasonic.com/www-data/pdf/ABA0000/ABA0000CE2.pdf,"http://media.digikey.com/photos/Panasonic%20Photos/VS%20SERIES%206.5H,5.0D,HA%20SERIES%205.5H,5.0D.jpg",PCE3947DKR-ND,EEE-1VA100SR,Panasonic Electronic Components,CAP ALUM 10UF 20% 35V SMD,Calculate,Digi-Reel®,S,10µF,±20%,35V,2000 Hrs @ 85°C,-40°C ~ 85°C,-,Automotive,30mA,-,"0.197"" Dia (5.00mm)","0.213"" (5.40mm)","0.209"" L x 0.209"" W (5.30mm x 5.30mm)",Surface Mount,"Radial, Can - SMD"
Capacitor,http://www.chemi-con.co.jp/e/catalog/pdf/al-e/al-sepa-e/003-chip/al-mva-e-140701.pdf,"http://media.digikey.com/photos/United%20Chemi-Con%20Photos/MVA%20SERIES%205.2H,5.0D.jpg",565-2057-2-ND,EMVA6R3ADA101ME55G,United Chemi-Con,CAP ALUM 100UF 20% 6.3V SMD,0.0798,Tape & Reel (TR),Alchip™ MVA,100µF,±20%,6.3V,2000 Hrs @ 85°C,-40°C ~ 85°C,-,General Purpose,55mA,-,"0.197"" Dia (5.00mm)","0.205"" (5.20mm)","0.209"" L x 0.209"" W (5.30mm x 5.30mm)",Surface Mount,"Radial, Can - SMD"
Capacitor,http://www.chemi-con.co.jp/e/catalog/pdf/al-e/al-sepa-e/003-chip/al-mva-e-140701.pdf,"http://media.digikey.com/photos/United%20Chemi-Con%20Photos/MVA%20SERIES%205.2H,5.0D.jpg",565-2057-1-ND,EMVA6R3ADA101ME55G,United Chemi-Con,CAP ALUM 100UF 20% 6.3V SMD,0.34,Cut Tape (CT),Alchip™ MVA,100µF,±20%,6.3V,2000 Hrs @ 85°C,-40°C ~ 85°C,-,General Purpose,55mA,-,"0.197"" Dia (5.00mm)","0.205"" (5.20mm)","0.209"" L x 0.209"" W (5.30mm x 5.30mm)",Surface Mount,"Radial, Can - SMD"
Capacitor,http://www.chemi-con.co.jp/e/catalog/pdf/al-e/al-sepa-e/003-chip/al-mva-e-140701.pdf,"http://media.digikey.com/photos/United%20Chemi-Con%20Photos/MVA%20SERIES%205.2H,5.0D.jpg",565-2057-6-ND,EMVA6R3ADA101ME55G,United Chemi-Con,CAP ALUM 100UF 20% 6.3V SMD,Calculate,Digi-Reel®,Alchip™ MVA,100µF,±20%,6.3V,2000 Hrs @ 85°C,-40°C ~ 85°C,-,General Purpose,55mA,-,"0.197"" Dia (5.00mm)","0.205"" (5.20mm)","0.209"" L x 0.209"" W (5.30mm x 5.30mm)",Surface Mount,"Radial, Can - SMD"
Capacitor,http://www.chemi-con.co.jp/e/catalog/pdf/al-e/al-sepa-e/003-chip/al-mve-e-140701.pdf,"http://media.digikey.com/photos/United%20Chemi-Con%20Photos/MVE%20SERIES%207.7H,6.3D.jpg",565-2204-2-ND,EMVE160ADA101MF55G,United Chemi-Con,CAP ALUM 100UF 20% 16V SMD,0.0836,Tape & Reel (TR),Alchip™ MVE,100µF,±20%,16V,1000 Hrs @ 105°C,-40°C ~ 105°C,-,General Purpose,69mA,-,"0.248"" Dia (6.30mm)","0.205"" (5.20mm)","0.260"" L x 0.260"" W (6.60mm x 6.60mm)",Surface Mount,"Radial, Can - SMD"
Capacitor,http://www.chemi-con.co.jp/e/catalog/pdf/al-e/al-sepa-e/003-chip/al-mve-e-140701.pdf,"http://media.digikey.com/photos/United%20Chemi-Con%20Photos/MVE%20SERIES%207.7H,6.3D.jpg",565-2204-1-ND,EMVE160ADA101MF55G,United Chemi-Con,CAP ALUM 100UF 20% 16V SMD,0.35,Cut Tape (CT),Alchip™ MVE,100µF,±20%,16V,1000 Hrs @ 105°C,-40°C ~ 105°C,-,General Purpose,69mA,-,"0.248"" Dia (6.30mm)","0.205"" (5.20mm)","0.260"" L x 0.260"" W (6.60mm x 6.60mm)",Surface Mount,"Radial, Can - SMD"
Capacitor,http://www.chemi-con.co.jp/e/catalog/pdf/al-e/al-sepa-e/003-chip/al-mve-e-140701.pdf,"http://media.digikey.com/photos/United%20Chemi-Con%20Photos/MVE%20SERIES%207.7H,6.3D.jpg",565-2204-6-ND,EMVE160ADA101MF55G,United Chemi-Con,CAP ALUM 100UF 20% 16V SMD,Calculate,Digi-Reel®,Alchip™ MVE,100µF,±20%,16V,1000 Hrs @ 105°C,-40°C ~ 105°C,-,General Purpose,69mA,-,"0.248"" Dia (6.30mm)","0.205"" (5.20mm)","0.260"" L x 0.260"" W (6.60mm x 6.60mm)",Surface Mount,"Radial, Can - SMD"
Capacitor,http://industrial.panasonic.com/www-data/pdf/ABA0000/ABA0000CE2.pdf,"http://media.digikey.com/photos/Panasonic%20Photos/VS%20SERIES%205.9,6.5H,6.3D,HA%20SERIES%205.5H,6.3D.jpg",PCE3914TR-ND,EEE-1HA100SP,Panasonic Electronic Components,CAP ALUM 10UF 20% 50V SMD,0.08379,Tape & Reel (TR),S,10µF,±20%,50V,2000 Hrs @ 85°C,-40°C ~ 85°C,-,Automotive,35mA,-,"0.248"" Dia (6.30mm)","0.213"" (5.40mm)","0.260"" L x 0.260"" W (6.60mm x 6.60mm)",Surface Mount,"Radial, Can - SMD"
Capacitor,http://industrial.panasonic.com/www-data/pdf/ABA0000/ABA0000CE2.pdf,"http://media.digikey.com/photos/Panasonic%20Photos/VS%20SERIES%205.9,6.5H,6.3D,HA%20SERIES%205.5H,6.3D.jpg",PCE3914CT-ND,EEE-1HA100SP,Panasonic Electronic Components,CAP ALUM 10UF 20% 50V SMD,0.46,Cut Tape (CT),S,10µF,±20%,50V,2000 Hrs @ 85°C,-40°C ~ 85°C,-,Automotive,35mA,-,"0.248"" Dia (6.30mm)","0.213"" (5.40mm)","0.260"" L x 0.260"" W (6.60mm x 6.60mm)",Surface Mount,"Radial, Can - SMD"
Capacitor,http://industrial.panasonic.com/www-data/pdf/ABA0000/ABA0000CE2.pdf,"http://media.digikey.com/photos/Panasonic%20Photos/VS%20SERIES%205.9,6.5H,6.3D,HA%20SERIES%205.5H,6.3D.jpg",PCE3914DKR-ND,EEE-1HA100SP,Panasonic Electronic Components,CAP ALUM 10UF 20% 50V SMD,Calculate,Digi-Reel®,S,10µF,±20%,50V,2000 Hrs @ 85°C,-40°C ~ 85°C,-,Automotive,35mA,-,"0.248"" Dia (6.30mm)","0.213"" (5.40mm)","0.260"" L x 0.260"" W (6.60mm x 6.60mm)",Surface Mount,"Radial, Can - SMD"
Capacitor,http://industrial.panasonic.com/www-data/pdf/ABA0000/ABA0000CE2.pdf,"http://media.digikey.com/photos/Panasonic%20Photos/VS%20SERIES%205.9,6.5H,6.3D,HA%20SERIES%205.5H,6.3D.jpg",PCE3899TR-ND,EEE-1EA220SP,Panasonic Electronic Components,CAP ALUM 22UF 20% 25V SMD,0.08379,Tape & Reel (TR),S,22µF,±20%,25V,2000 Hrs @ 85°C,-40°C ~ 85°C,-,Automotive,55mA,-,"0.248"" Dia (6.30mm)","0.213"" (5.40mm)","0.260"" L x 0.260"" W (6.60mm x 6.60mm)",Surface Mount,"Radial, Can - SMD"
Capacitor,http://industrial.panasonic.com/www-data/pdf/ABA0000/ABA0000CE2.pdf,"http://media.digikey.com/photos/Panasonic%20Photos/VS%20SERIES%205.9,6.5H,6.3D,HA%20SERIES%205.5H,6.3D.jpg",PCE3899CT-ND,EEE-1EA220SP,Panasonic Electronic Components,CAP ALUM 22UF 20% 25V SMD,0.46,Cut Tape (CT),S,22µF,±20%,25V,2000 Hrs @ 85°C,-40°C ~ 85°C,-,Automotive,55mA,-,"0.248"" Dia (6.30mm)","0.213"" (5.40mm)","0.260"" L x 0.260"" W (6.60mm x 6.60mm)",Surface Mount,"Radial, Can - SMD"
Capacitor,http://industrial.panasonic.com/www-data/pdf/ABA0000/ABA0000CE2.pdf,"http://media.digikey.com/photos/Panasonic%20Photos/VS%20SERIES%205.9,6.5H,6.3D,HA%20SERIES%205.5H,6.3D.jpg",PCE3899DKR-ND,EEE-1EA220SP,Panasonic Electronic Components,CAP ALUM 22UF 20% 25V SMD,Calculate,Digi-Reel®,S,22µF,±20%,25V,2000 Hrs @ 85°C,-40°C ~ 85°C,-,Automotive,55mA,-,"0.248"" Dia (6.30mm)","0.213"" (5.40mm)","0.260"" L x 0.260"" W (6.60mm x 6.60mm)",Surface Mount,"Radial, Can - SMD"
Capacitor,http://industrial.panasonic.com/www-data/pdf/ABA0000/ABA0000CE2.pdf,"http://media.digikey.com/photos/Panasonic%20Photos/VS%20SERIES%205.9,6.5H,6.3D,HA%20SERIES%205.5H,6.3D.jpg",PCE3889TR-ND,EEE-1CA470SP,Panasonic Electronic Components,CAP ALUM 47UF 20% 16V SMD,0.08379,Tape & Reel (TR),S,47µF,±20%,16V,2000 Hrs @ 85°C,-40°C ~ 85°C,-,Automotive,70mA,-,"0.248"" Dia (6.30mm)","0.213"" (5.40mm)","0.260"" L x 0.260"" W (6.60mm x 6.60mm)",Surface Mount,"Radial, Can - SMD"
Capacitor,http://industrial.panasonic.com/www-data/pdf/ABA0000/ABA0000CE2.pdf,"http://media.digikey.com/photos/Panasonic%20Photos/VS%20SERIES%205.9,6.5H,6.3D,HA%20SERIES%205.5H,6.3D.jpg",PCE3889CT-ND,EEE-1CA470SP,Panasonic Electronic Components,CAP ALUM 47UF 20% 16V SMD,0.47,Cut Tape (CT),S,47µF,±20%,16V,2000 Hrs @ 85°C,-40°C ~ 85°C,-,Automotive,70mA,-,"0.248"" Dia (6.30mm)","0.213"" (5.40mm)","0.260"" L x 0.260"" W (6.60mm x 6.60mm)",Surface Mount,"Radial, Can - SMD"
Capacitor,http://industrial.panasonic.com/www-data/pdf/ABA0000/ABA0000CE2.pdf,"http://media.digikey.com/photos/Panasonic%20Photos/VS%20SERIES%205.9,6.5H,6.3D,HA%20SERIES%205.5H,6.3D.jpg",PCE3889DKR-ND,EEE-1CA470SP,Panasonic Electronic Components,CAP ALUM 47UF 20% 16V SMD,Calculate,Digi-Reel®,S,47µF,±20%,16V,2000 Hrs @ 85°C,-40°C ~ 85°C,-,Automotive,70mA,-,"0.248"" Dia (6.30mm)","0.213"" (5.40mm)","0.260"" L x 0.260"" W (6.60mm x 6.60mm)",Surface Mount,"Radial, Can - SMD"
Capacitor,http://industrial.panasonic.com/www-data/pdf/ABA0000/ABA0000CE4.pdf,"http://media.digikey.com/photos/Panasonic%20Photos/HB%20SERIES%205.9H,4.0D.jpg",PCE4153TR-ND,EEE-HB1V100R,Panasonic Electronic Components,CAP ALUM 10UF 20% 35V SMD,0.08474,Tape & Reel (TR),HB,10µF,±20%,35V,2000 Hrs @ 105°C,-40°C ~ 105°C,-,General Purpose,28mA,-,"0.197"" Dia (5.00mm)","0.228"" (5.80mm)","0.209"" L x 0.209"" W (5.30mm x 5.30mm)",Surface Mount,"Radial, Can - SMD"
Capacitor,http://industrial.panasonic.com/www-data/pdf/ABA0000/ABA0000CE4.pdf,"http://media.digikey.com/photos/Panasonic%20Photos/HB%20SERIES%205.9H,4.0D.jpg",PCE4153CT-ND,EEE-HB1V100R,Panasonic Electronic Components,CAP ALUM 10UF 20% 35V SMD,0.48,Cut Tape (CT),HB,10µF,±20%,35V,2000 Hrs @ 105°C,-40°C ~ 105°C,-,General Purpose,28mA,-,"0.197"" Dia (5.00mm)","0.228"" (5.80mm)","0.209"" L x 0.209"" W (5.30mm x 5.30mm)",Surface Mount,"Radial, Can - SMD"
Capacitor,http://industrial.panasonic.com/www-data/pdf/ABA0000/ABA0000CE4.pdf,"http://media.digikey.com/photos/Panasonic%20Photos/HB%20SERIES%205.9H,4.0D.jpg",PCE4153DKR-ND,EEE-HB1V100R,Panasonic Electronic Components,CAP ALUM 10UF 20% 35V SMD,Calculate,Digi-Reel®,HB,10µF,±20%,35V,2000 Hrs @ 105°C,-40°C ~ 105°C,-,General Purpose,28mA,-,"0.197"" Dia (5.00mm)","0.228"" (5.80mm)","0.209"" L x 0.209"" W (5.30mm x 5.30mm)",Surface Mount,"Radial, Can - SMD"
Capacitor,http://industrial.panasonic.com/www-cgi/jvcr13pz.cgi?E+PZ+3+ABA0012+ECA1HM101B+7+WW,-,P10397TB-ND,ECA-1HM101B,Panasonic Electronic Components,CAP ALUM 100UF 20% 50V RADIAL,0.08607,Tape & Box (TB),M,100µF,±20%,50V,2000 Hrs @ 85°C,-40°C ~ 85°C,-,General Purpose,250mA,-,"0.315"" Dia (8.00mm)","0.492"" (12.50mm)",-,Through Hole,"Radial, Can"
Capacitor,http://industrial.panasonic.com/www-data/pdf/ABA0000/ABA0000CE2.pdf,http://media.digikey.com/Photos/Panasonic%20Photos/VS%20SERIES_Bi-Polar.jpg,PCE4290TR-ND,EEE-1CA4R7NR,Panasonic Electronic Components,CAP ALUM 4.7UF 20% 16V SMD,0.08712,Tape & Reel (TR),S,4.7µF,±20%,16V,2000 Hrs @ 85°C,-40°C ~ 85°C,Bi-Polar,Automotive,20mA,-,"0.157"" Dia (4.00mm)","0.213"" (5.40mm)","0.169"" L x 0.169"" W (4.30mm x 4.30mm)",Surface Mount,"Radial, Can - SMD"
Capacitor,http://industrial.panasonic.com/www-data/pdf/ABA0000/ABA0000CE2.pdf,http://media.digikey.com/Photos/Panasonic%20Photos/VS%20SERIES_Bi-Polar.jpg,PCE4290CT-ND,EEE-1CA4R7NR,Panasonic Electronic Components,CAP ALUM 4.7UF 20% 16V SMD,0.52,Cut Tape (CT),S,4.7µF,±20%,16V,2000 Hrs @ 85°C,-40°C ~ 85°C,Bi-Polar,Automotive,20mA,-,"0.157"" Dia (4.00mm)","0.213"" (5.40mm)","0.169"" L x 0.169"" W (4.30mm x 4.30mm)",Surface Mount,"Radial, Can - SMD"
Capacitor,http://industrial.panasonic.com/www-data/pdf/ABA0000/ABA0000CE2.pdf,http://media.digikey.com/Photos/Panasonic%20Photos/VS%20SERIES_Bi-Polar.jpg,PCE4290DKR-ND,EEE-1CA4R7NR,Panasonic Electronic Components,CAP ALUM 4.7UF 20% 16V SMD,Calculate,Digi-Reel®,S,4.7µF,±20%,16V,2000 Hrs @ 85°C,-40°C ~ 85°C,Bi-Polar,Automotive,20mA,-,"0.157"" Dia (4.00mm)","0.213"" (5.40mm)","0.169"" L x 0.169"" W (4.30mm x 4.30mm)",Surface Mount,"Radial, Can - SMD"
Capacitor,http://industrial.panasonic.com/www-data/pdf/ABA0000/ABA0000CE2.pdf,http://media.digikey.com/Photos/Panasonic%20Photos/VS%20SERIES_Bi-Polar.jpg,PCE4295TR-ND,EEE-1VA2R2NR,Panasonic Electronic Components,CAP ALUM 2.2UF 20% 35V SMD,0.08712,Tape & Reel (TR),S,2.2µF,±20%,35V,2000 Hrs @ 85°C,-40°C ~ 85°C,Bi-Polar,Automotive,12mA,-,"0.157"" Dia (4.00mm)","0.213"" (5.40mm)","0.169"" L x 0.169"" W (4.30mm x 4.30mm)",Surface Mount,"Radial, Can - SMD"
Capacitor,http://industrial.panasonic.com/www-data/pdf/ABA0000/ABA0000CE2.pdf,http://media.digikey.com/Photos/Panasonic%20Photos/VS%20SERIES_Bi-Polar.jpg,PCE4295CT-ND,EEE-1VA2R2NR,Panasonic Electronic Components,CAP ALUM 2.2UF 20% 35V SMD,0.51,Cut Tape (CT),S,2.2µF,±20%,35V,2000 Hrs @ 85°C,-40°C ~ 85°C,Bi-Polar,Automotive,12mA,-,"0.157"" Dia (4.00mm)","0.213"" (5.40mm)","0.169"" L x 0.169"" W (4.30mm x 4.30mm)",Surface Mount,"Radial, Can - SMD"
Capacitor,http://industrial.panasonic.com/www-data/pdf/ABA0000/ABA0000CE2.pdf,http://media.digikey.com/Photos/Panasonic%20Photos/VS%20SERIES_Bi-Polar.jpg,PCE4295DKR-ND,EEE-1VA2R2NR,Panasonic Electronic Components,CAP ALUM 2.2UF 20% 35V SMD,Calculate,Digi-Reel®,S,2.2µF,±20%,35V,2000 Hrs @ 85°C,-40°C ~ 85°C,Bi-Polar,Automotive,12mA,-,"0.157"" Dia (4.00mm)","0.213"" (5.40mm)","0.169"" L x 0.169"" W (4.30mm x 4.30mm)",Surface Mount,"Radial, Can - SMD"
Capacitor,http://industrial.panasonic.com/www-data/pdf/ABA0000/ABA0000CE2.pdf,http://media.digikey.com/Photos/Panasonic%20Photos/VS%20SERIES_Bi-Polar.jpg,PCE4288TR-ND,EEE-1AA100NR,Panasonic Electronic Components,CAP ALUM 10UF 20% 10V SMD,0.08712,Tape & Reel (TR),S,10µF,±20%,10V,2000 Hrs @ 85°C,-40°C ~ 85°C,Bi-Polar,Automotive,25mA,-,"0.157"" Dia (4.00mm)","0.213"" (5.40mm)","0.169"" L x 0.169"" W (4.30mm x 4.30mm)",Surface Mount,"Radial, Can - SMD"
Capacitor,http://industrial.panasonic.com/www-data/pdf/ABA0000/ABA0000CE2.pdf,http://media.digikey.com/Photos/Panasonic%20Photos/VS%20SERIES_Bi-Polar.jpg,PCE4288CT-ND,EEE-1AA100NR,Panasonic Electronic Components,CAP ALUM 10UF 20% 10V SMD,0.51,Cut Tape (CT),S,10µF,±20%,10V,2000 Hrs @ 85°C,-40°C ~ 85°C,Bi-Polar,Automotive,25mA,-,"0.157"" Dia (4.00mm)","0.213"" (5.40mm)","0.169"" L x 0.169"" W (4.30mm x 4.30mm)",Surface Mount,"Radial, Can - SMD"
Capacitor,http://industrial.panasonic.com/www-data/pdf/ABA0000/ABA0000CE2.pdf,http://media.digikey.com/Photos/Panasonic%20Photos/VS%20SERIES_Bi-Polar.jpg,PCE4288DKR-ND,EEE-1AA100NR,Panasonic Electronic Components,CAP ALUM 10UF 20% 10V SMD,Calculate,Digi-Reel®,S,10µF,±20%,10V,2000 Hrs @ 85°C,-40°C ~ 85°C,Bi-Polar,Automotive,25mA,-,"0.157"" Dia (4.00mm)","0.213"" (5.40mm)","0.169"" L x 0.169"" W (4.30mm x 4.30mm)",Surface Mount,"Radial, Can - SMD"
Capacitor,http://industrial.panasonic.com/www-data/pdf/ABA0000/ABA0000CE2.pdf,http://media.digikey.com/Photos/Panasonic%20Photos/VS%20SERIES_Bi-Polar.jpg,PCE4301TR-ND,EEE-1HA010NR,Panasonic Electronic Components,CAP ALUM 1UF 20% 50V SMD,0.08712,Tape & Reel (TR),S,1µF,±20%,50V,2000 Hrs @ 85°C,-40°C ~ 85°C,Bi-Polar,Automotive,10mA,-,"0.157"" Dia (4.00mm)","0.213"" (5.40mm)","0.169"" L x 0.169"" W (4.30mm x 4.30mm)",Surface Mount,"Radial, Can - SMD"
Capacitor,http://industrial.panasonic.com/www-data/pdf/ABA0000/ABA0000CE2.pdf,http://media.digikey.com/Photos/Panasonic%20Photos/VS%20SERIES_Bi-Polar.jpg,PCE4301CT-ND,EEE-1HA010NR,Panasonic Electronic Components,CAP ALUM 1UF 20% 50V SMD,0.51,Cut Tape (CT),S,1µF,±20%,50V,2000 Hrs @ 85°C,-40°C ~ 85°C,Bi-Polar,Automotive,10mA,-,"0.157"" Dia (4.00mm)","0.213"" (5.40mm)","0.169"" L x 0.169"" W (4.30mm x 4.30mm)",Surface Mount,"Radial, Can - SMD"
Capacitor,http://industrial.panasonic.com/www-data/pdf/ABA0000/ABA0000CE2.pdf,http://media.digikey.com/Photos/Panasonic%20Photos/VS%20SERIES_Bi-Polar.jpg,PCE4301DKR-ND,EEE-1HA010NR,Panasonic Electronic Components,CAP ALUM 1UF 20% 50V SMD,Calculate,Digi-Reel®,S,1µF,±20%,50V,2000 Hrs @ 85°C,-40°C ~ 85°C,Bi-Polar,Automotive,10mA,-,"0.157"" Dia (4.00mm)","0.213"" (5.40mm)","0.169"" L x 0.169"" W (4.30mm x 4.30mm)",Surface Mount,"Radial, Can - SMD"
Capacitor,http://industrial.panasonic.com/lecs/www-data/pdf/ABA0000/ABA0000CE3.pdf,"http://media.digikey.com/photos/Panasonic%20Photos/VS,HA%20SERIES%2010.50H,10.0D.jpg",PCE4240TR-ND,EEE-HA1V220WR,Panasonic Electronic Components,CAP ALUM 22UF 20% 35V SMD,0.08854,Tape & Reel (TR),HA,22µF,±20%,35V,1000 Hrs @ 105°C,-40°C ~ 105°C,-,Automotive,35mA,-,"0.197"" Dia (5.00mm)","0.213"" (5.40mm)","0.209"" L x 0.209"" W (5.30mm x 5.30mm)",Surface Mount,"Radial, Can - SMD"
Capacitor,http://industrial.panasonic.com/lecs/www-data/pdf/ABA0000/ABA0000CE3.pdf,"http://media.digikey.com/photos/Panasonic%20Photos/VS,HA%20SERIES%2010.50H,10.0D.jpg",PCE4240CT-ND,EEE-HA1V220WR,Panasonic Electronic Components,CAP ALUM 22UF 20% 35V SMD,0.49,Cut Tape (CT),HA,22µF,±20%,35V,1000 Hrs @ 105°C,-40°C ~ 105°C,-,Automotive,35mA,-,"0.197"" Dia (5.00mm)","0.213"" (5.40mm)","0.209"" L x 0.209"" W (5.30mm x 5.30mm)",Surface Mount,"Radial, Can - SMD"
Capacitor,http://industrial.panasonic.com/lecs/www-data/pdf/ABA0000/ABA0000CE3.pdf,"http://media.digikey.com/photos/Panasonic%20Photos/VS,HA%20SERIES%2010.50H,10.0D.jpg",PCE4240DKR-ND,EEE-HA1V220WR,Panasonic Electronic Components,CAP ALUM 22UF 20% 35V SMD,Calculate,Digi-Reel®,HA,22µF,±20%,35V,1000 Hrs @ 105°C,-40°C ~ 105°C,-,Automotive,35mA,-,"0.197"" Dia (5.00mm)","0.213"" (5.40mm)","0.209"" L x 0.209"" W (5.30mm x 5.30mm)",Surface Mount,"Radial, Can - SMD"
Capacitor,http://industrial.panasonic.com/www-cgi/jvcr13pz.cgi?E+PZ+3+ABA0120+EEEFK1A220R+7+WW,"http://media.digikey.com/photos/Panasonic%20Photos/FK%20SERIES%206.0H,4.0D.jpg",PCE3774TR-ND,EEE-FK1A220R,Panasonic Electronic Components,CAP ALUM 22UF 20% 10V SMD,0.09,Tape & Reel (TR),FK,22µF,±20%,10V,2000 Hrs @ 105°C,-55°C ~ 105°C,Polar,Automotive,67.5mA,1.35 Ohm,"0.157"" Dia (4.00mm)","0.228"" (5.80mm)","0.169"" L x 0.169"" W (4.30mm x 4.30mm)",Surface Mount,"Radial, Can - SMD"
Capacitor,http://industrial.panasonic.com/www-cgi/jvcr13pz.cgi?E+PZ+3+ABA0120+EEEFK1A220R+7+WW,"http://media.digikey.com/photos/Panasonic%20Photos/FK%20SERIES%206.0H,4.0D.jpg",PCE3774CT-ND,EEE-FK1A220R,Panasonic Electronic Components,CAP ALUM 22UF 20% 10V SMD,0.53,Cut Tape (CT),FK,22µF,±20%,10V,2000 Hrs @ 105°C,-55°C ~ 105°C,Polar,Automotive,67.5mA,1.35 Ohm,"0.157"" Dia (4.00mm)","0.228"" (5.80mm)","0.169"" L x 0.169"" W (4.30mm x 4.30mm)",Surface Mount,"Radial, Can - SMD"
Capacitor,http://industrial.panasonic.com/www-cgi/jvcr13pz.cgi?E+PZ+3+ABA0120+EEEFK1A220R+7+WW,"http://media.digikey.com/photos/Panasonic%20Photos/FK%20SERIES%206.0H,4.0D.jpg",PCE3774DKR-ND,EEE-FK1A220R,Panasonic Electronic Components,CAP ALUM 22UF 20% 10V SMD,Calculate,Digi-Reel®,FK,22µF,±20%,10V,2000 Hrs @ 105°C,-55°C ~ 105°C,Polar,Automotive,67.5mA,1.35 Ohm,"0.157"" Dia (4.00mm)","0.228"" (5.80mm)","0.169"" L x 0.169"" W (4.30mm x 4.30mm)",Surface Mount,"Radial, Can - SMD"
Capacitor,http://industrial.panasonic.com/www-cgi/jvcr13pz.cgi?E+PZ+3+ABA0120+EEEFK1C100R+7+WW,"http://media.digikey.com/photos/Panasonic%20Photos/FK%20SERIES%206.0H,4.0D.jpg",PCE3782TR-ND,EEE-FK1C100R,Panasonic Electronic Components,CAP ALUM 10UF 20% 16V SMD,0.09,Tape & Reel (TR),FK,10µF,±20%,16V,2000 Hrs @ 105°C,-55°C ~ 105°C,Polar,Automotive,67.5mA,1.35 Ohm,"0.157"" Dia (4.00mm)","0.228"" (5.80mm)","0.169"" L x 0.169"" W (4.30mm x 4.30mm)",Surface Mount,"Radial, Can - SMD"
Capacitor,http://industrial.panasonic.com/www-cgi/jvcr13pz.cgi?E+PZ+3+ABA0120+EEEFK1C100R+7+WW,"http://media.digikey.com/photos/Panasonic%20Photos/FK%20SERIES%206.0H,4.0D.jpg",PCE3782CT-ND,EEE-FK1C100R,Panasonic Electronic Components,CAP ALUM 10UF 20% 16V SMD,0.53,Cut Tape (CT),FK,10µF,±20%,16V,2000 Hrs @ 105°C,-55°C ~ 105°C,Polar,Automotive,67.5mA,1.35 Ohm,"0.157"" Dia (4.00mm)","0.228"" (5.80mm)","0.169"" L x 0.169"" W (4.30mm x 4.30mm)",Surface Mount,"Radial, Can - SMD"
Capacitor,http://industrial.panasonic.com/www-cgi/jvcr13pz.cgi?E+PZ+3+ABA0120+EEEFK1C100R+7+WW,"http://media.digikey.com/photos/Panasonic%20Photos/FK%20SERIES%206.0H,4.0D.jpg",PCE3782DKR-ND,EEE-FK1C100R,Panasonic Electronic Components,CAP ALUM 10UF 20% 16V SMD,Calculate,Digi-Reel®,FK,10µF,±20%,16V,2000 Hrs @ 105°C,-55°C ~ 105°C,Polar,Automotive,67.5mA,1.35 Ohm,"0.157"" Dia (4.00mm)","0.228"" (5.80mm)","0.169"" L x 0.169"" W (4.30mm x 4.30mm)",Surface Mount,"Radial, Can - SMD"
Capacitor,http://industrial.panasonic.com/www-cgi/jvcr13pz.cgi?E+PZ+3+ABA0120+EEEFK1V100UR+7+WW,"http://media.digikey.com/photos/Panasonic%20Photos/FK%20SERIES%206.0H,4.0D.jpg",PCE3834TR-ND,EEE-FK1V100UR,Panasonic Electronic Components,CAP ALUM 10UF 20% 35V SMD,0.09,Tape & Reel (TR),FK,10µF,±20%,35V,2000 Hrs @ 105°C,-55°C ~ 105°C,Polar,Automotive,67.5mA,1.35 Ohm,"0.157"" Dia (4.00mm)","0.228"" (5.80mm)","0.169"" L x 0.169"" W (4.30mm x 4.30mm)",Surface Mount,"Radial, Can - SMD"
Capacitor,http://industrial.panasonic.com/www-cgi/jvcr13pz.cgi?E+PZ+3+ABA0120+EEEFK1V100UR+7+WW,"http://media.digikey.com/photos/Panasonic%20Photos/FK%20SERIES%206.0H,4.0D.jpg",PCE3834CT-ND,EEE-FK1V100UR,Panasonic Electronic Components,CAP ALUM 10UF 20% 35V SMD,0.53,Cut Tape (CT),FK,10µF,±20%,35V,2000 Hrs @ 105°C,-55°C ~ 105°C,Polar,Automotive,67.5mA,1.35 Ohm,"0.157"" Dia (4.00mm)","0.228"" (5.80mm)","0.169"" L x 0.169"" W (4.30mm x 4.30mm)",Surface Mount,"Radial, Can - SMD"
Capacitor,http://industrial.panasonic.com/www-cgi/jvcr13pz.cgi?E+PZ+3+ABA0120+EEEFK1V100UR+7+WW,"http://media.digikey.com/photos/Panasonic%20Photos/FK%20SERIES%206.0H,4.0D.jpg",PCE3834DKR-ND,EEE-FK1V100UR,Panasonic Electronic Components,CAP ALUM 10UF 20% 35V SMD,Calculate,Digi-Reel®,FK,10µF,±20%,35V,2000 Hrs @ 105°C,-55°C ~ 105°C,Polar,Automotive,67.5mA,1.35 Ohm,"0.157"" Dia (4.00mm)","0.228"" (5.80mm)","0.169"" L x 0.169"" W (4.30mm x 4.30mm)",Surface Mount,"Radial, Can - SMD"
Capacitor,http://industrial.panasonic.com/www-cgi/jvcr13pz.cgi?E+PZ+3+ABA0120+0+7+WW,"http://media.digikey.com/photos/Panasonic%20Photos/FK%20SERIES%206.0H,4.0D.jpg",PCE3795TR-ND,EEE-FK1E100R,Panasonic Electronic Components,CAP ALUM 10UF 20% 25V SMD,0.09,Tape & Reel (TR),FK,10µF,±20%,25V,2000 Hrs @ 105°C,-55°C ~ 105°C,Polar,Automotive,67.5mA,1.35 Ohm,"0.157"" Dia (4.00mm)","0.228"" (5.80mm)","0.169"" L x 0.169"" W (4.30mm x 4.30mm)",Surface Mount,"Radial, Can - SMD"
Capacitor,http://industrial.panasonic.com/www-cgi/jvcr13pz.cgi?E+PZ+3+ABA0120+0+7+WW,"http://media.digikey.com/photos/Panasonic%20Photos/FK%20SERIES%206.0H,4.0D.jpg",PCE3795CT-ND,EEE-FK1E100R,Panasonic Electronic Components,CAP ALUM 10UF 20% 25V SMD,0.53,Cut Tape (CT),FK,10µF,±20%,25V,2000 Hrs @ 105°C,-55°C ~ 105°C,Polar,Automotive,67.5mA,1.35 Ohm,"0.157"" Dia (4.00mm)","0.228"" (5.80mm)","0.169"" L x 0.169"" W (4.30mm x 4.30mm)",Surface Mount,"Radial, Can - SMD"
Capacitor,http://industrial.panasonic.com/www-cgi/jvcr13pz.cgi?E+PZ+3+ABA0120+0+7+WW,"http://media.digikey.com/photos/Panasonic%20Photos/FK%20SERIES%206.0H,4.0D.jpg",PCE3795DKR-ND,EEE-FK1E100R,Panasonic Electronic Components,CAP ALUM 10UF 20% 25V SMD,Calculate,Digi-Reel®,FK,10µF,±20%,25V,2000 Hrs @ 105°C,-55°C ~ 105°C,Polar,Automotive,67.5mA,1.35 Ohm,"0.157"" Dia (4.00mm)","0.228"" (5.80mm)","0.169"" L x 0.169"" W (4.30mm x 4.30mm)",Surface Mount,"Radial, Can - SMD"
Capacitor,http://industrial.panasonic.com/www-cgi/jvcr13pz.cgi?E+PZ+3+ABA0120+EEEFK1C220UR+7+WW,"http://media.digikey.com/photos/Panasonic%20Photos/FK%20SERIES%206.0H,4.0D.jpg",PCE3786TR-ND,EEE-FK1C220UR,Panasonic Electronic Components,CAP ALUM 22UF 20% 16V SMD,0.09,Tape & Reel (TR),FK,22µF,±20%,16V,2000 Hrs @ 105°C,-55°C ~ 105°C,Polar,Automotive,67.5mA,1.35 Ohm,"0.157"" Dia (4.00mm)","0.228"" (5.80mm)","0.169"" L x 0.169"" W (4.30mm x 4.30mm)",Surface Mount,"Radial, Can - SMD"
Capacitor,http://industrial.panasonic.com/www-cgi/jvcr13pz.cgi?E+PZ+3+ABA0120+EEEFK1C220UR+7+WW,"http://media.digikey.com/photos/Panasonic%20Photos/FK%20SERIES%206.0H,4.0D.jpg",PCE3786CT-ND,EEE-FK1C220UR,Panasonic Electronic Components,CAP ALUM 22UF 20% 16V SMD,0.53,Cut Tape (CT),FK,22µF,±20%,16V,2000 Hrs @ 105°C,-55°C ~ 105°C,Polar,Automotive,67.5mA,1.35 Ohm,"0.157"" Dia (4.00mm)","0.228"" (5.80mm)","0.169"" L x 0.169"" W (4.30mm x 4.30mm)",Surface Mount,"Radial, Can - SMD"
Capacitor,http://industrial.panasonic.com/www-cgi/jvcr13pz.cgi?E+PZ+3+ABA0120+EEEFK1C220UR+7+WW,"http://media.digikey.com/photos/Panasonic%20Photos/FK%20SERIES%206.0H,4.0D.jpg",PCE3786DKR-ND,EEE-FK1C220UR,Panasonic Electronic Components,CAP ALUM 22UF 20% 16V SMD,Calculate,Digi-Reel®,FK,22µF,±20%,16V,2000 Hrs @ 105°C,-55°C ~ 105°C,Polar,Automotive,67.5mA,1.35 Ohm,"0.157"" Dia (4.00mm)","0.228"" (5.80mm)","0.169"" L x 0.169"" W (4.30mm x 4.30mm)",Surface Mount,"Radial, Can - SMD"
Capacitor,http://industrial.panasonic.com/www-cgi/jvcr13pz.cgi?E+PZ+3+ABA0120+EEEFK0J470UR+7+WW,"http://media.digikey.com/photos/Panasonic%20Photos/FK%20SERIES%206.0H,4.0D.jpg",PCE3770TR-ND,EEE-FK0J470UR,Panasonic Electronic Components,CAP ALUM 47UF 20% 6.3V SMD,0.09,Tape & Reel (TR),FK,47µF,±20%,6.3V,2000 Hrs @ 105°C,-55°C ~ 105°C,Polar,Automotive,67.5mA,1.35 Ohm,"0.157"" Dia (4.00mm)","0.228"" (5.80mm)","0.169"" L x 0.169"" W (4.30mm x 4.30mm)",Surface Mount,"Radial, Can - SMD"
Capacitor,http://industrial.panasonic.com/www-cgi/jvcr13pz.cgi?E+PZ+3+ABA0120+EEEFK0J470UR+7+WW,"http://media.digikey.com/photos/Panasonic%20Photos/FK%20SERIES%206.0H,4.0D.jpg",PCE3770CT-ND,EEE-FK0J470UR,Panasonic Electronic Components,CAP ALUM 47UF 20% 6.3V SMD,0.53,Cut Tape (CT),FK,47µF,±20%,6.3V,2000 Hrs @ 105°C,-55°C ~ 105°C,Polar,Automotive,67.5mA,1.35 Ohm,"0.157"" Dia (4.00mm)","0.228"" (5.80mm)","0.169"" L x 0.169"" W (4.30mm x 4.30mm)",Surface Mount,"Radial, Can - SMD"
Capacitor,http://industrial.panasonic.com/www-cgi/jvcr13pz.cgi?E+PZ+3+ABA0120+EEEFK0J470UR+7+WW,"http://media.digikey.com/photos/Panasonic%20Photos/FK%20SERIES%206.0H,4.0D.jpg",PCE3770DKR-ND,EEE-FK0J470UR,Panasonic Electronic Components,CAP ALUM 47UF 20% 6.3V SMD,Calculate,Digi-Reel®,FK,47µF,±20%,6.3V,2000 Hrs @ 105°C,-55°C ~ 105°C,Polar,Automotive,67.5mA,1.35 Ohm,"0.157"" Dia (4.00mm)","0.228"" (5.80mm)","0.169"" L x 0.169"" W (4.30mm x 4.30mm)",Surface Mount,"Radial, Can - SMD"
Capacitor,http://industrial.panasonic.com/www-cgi/jvcr13pz.cgi?E+PZ+4+ABA0100+EEEHD1C100AR+8+WW,"http://media.digikey.com/photos/Panasonic%20Photos/HD%20SERIES%2010.5H,10.0D.jpg",PCE4949TR-ND,EEE-HD1C100AR,Panasonic Electronic Components,CAP ALUM 10UF 20% 16V SMD,0.09054,Tape & Reel (TR),HD,10µF,±20%,16V,5000 Hrs @ 105°C,-40°C ~ 105°C,-,General Purpose,28mA,12 Ohm,"0.157"" Dia (4.00mm)","0.228"" (5.80mm)","0.169"" L x 0.169"" W (4.30mm x 4.30mm)",Surface Mount,"Radial, Can - SMD"
Capacitor,http://industrial.panasonic.com/www-cgi/jvcr13pz.cgi?E+PZ+4+ABA0100+EEEHD1C100AR+8+WW,"http://media.digikey.com/photos/Panasonic%20Photos/HD%20SERIES%2010.5H,10.0D.jpg",PCE4949CT-ND,EEE-HD1C100AR,Panasonic Electronic Components,CAP ALUM 10UF 20% 16V SMD,0.54,Cut Tape (CT),HD,10µF,±20%,16V,5000 Hrs @ 105°C,-40°C ~ 105°C,-,General Purpose,28mA,12 Ohm,"0.157"" Dia (4.00mm)","0.228"" (5.80mm)","0.169"" L x 0.169"" W (4.30mm x 4.30mm)",Surface Mount,"Radial, Can - SMD"
